track_id,name,spotify_preview_url,spotify_id,tags,genre,duration_ms,id,track_album_id,track_album_name,,year,artist_name,artist_id,album_id,album_name,,release_date,artist_name
TRIOREW128F424EAF0,Mr. Brightside,https://p.scdn.co/mp3-preview/4d26180e6961fd46866cd9106936ea55dfcbaa75?cid=774b29d4f13844c495f206cafdad9c86,09ZQ5TmUG8TSL56n0knqrj,"rock, alternative, indie, alternative_rock, indie_rock, 00s",,222200,0DheY5irMjBUeLybbCUEZ2,2oCs0DGTsRO98Gh5ZSl2Cx,I Don't Care (with Justin Bieber) [Loud Luxury Remix],,2004,The Killers,0DheY5irMjBUeLybbCUEZ2,2oCs0DGTsRO98Gh5ZSl2Cx,I Don't Care (with Justin Bieber) [Loud Luxury Remix],,2004,The Killers
TRRIVDJ128F429B0E8,Wonderwall,https://p.scdn.co/mp3-preview/d012e536916c927bd6c8ced0dae75ee3b7715983?cid=774b29d4f13844c495f206cafdad9c86,06UfBBDISthj1ZJAtX4xjj,"rock, alternative, indie, pop, alternative_rock, british, 90s, love, britpop",,258613,0DlhY15l3wsrnlfGio2bjU,63rPSO264uRjW1X5E6cWv6,Memories (Dillon Francis Remix),,2006,Oasis,0DlhY15l3wsrnlfGio2bjU,63rPSO264uRjW1X5E6cWv6,Memories (Dillon Francis Remix),,2006,Oasis
TROUVHL128F426C441,Come as You Are,https://p.scdn.co/mp3-preview/a1c11bb1cb231031eb20e5951a8bfb30503224e9?cid=774b29d4f13844c495f206cafdad9c86,0keNu0t0tqsWtExGM3nT1D,"rock, alternative, alternative_rock, 90s, grunge",RnB,218920,0DmRESX2JknGPQyO15yxg7,1HoSmj2eLcsrR0vE9gThr4,All the Time (Don Diablo Remix),,1991,Nirvana,0DmRESX2JknGPQyO15yxg7,1HoSmj2eLcsrR0vE9gThr4,All the Time (Don Diablo Remix),,1991,Nirvana
TRUEIND128F93038C4,Take Me Out,https://p.scdn.co/mp3-preview/399c401370438be449c2aebff816ba8c62559871?cid=774b29d4f13844c495f206cafdad9c86,0ancVQ9wEcHVd0RrGICTE4,"rock, alternative, indie, alternative_rock, indie_rock, british, 00s, britpop",,237026,0DmhnbHjm1qw6NCYPeZNgJ,1nqYsOef1yKKuGOVchbsk6,Call You Mine - The Remixes,,2004,Franz Ferdinand,0DmhnbHjm1qw6NCYPeZNgJ,1nqYsOef1yKKuGOVchbsk6,Call You Mine - The Remixes,,2004,Franz Ferdinand
TRLNZBD128F935E4D8,Creep,https://p.scdn.co/mp3-preview/e7eb60e9466bc3a27299ea8803aadf4fa9cf795c?cid=774b29d4f13844c495f206cafdad9c86,01QoK9DA7VTeTSE3MNzp4I,"rock, alternative, indie, alternative_rock, indie_rock, british, 90s, britpop",RnB,238640,0Dn11fWM7vHQ3rinvWEl4E,7m7vv9wlQ4i0LFuJiE2zsQ,Someone You Loved (Future Humans Remix),,2008,Radiohead,0Dn11fWM7vHQ3rinvWEl4E,7m7vv9wlQ4i0LFuJiE2zsQ,Someone You Loved (Future Humans Remix),,2008,Radiohead
TRUMISQ128F9340BEE,Somebody Told Me,https://p.scdn.co/mp3-preview/0d07673cfb46218a49c96eed639933f19b45cf9c?cid=774b29d4f13844c495f206cafdad9c86,0FNmIQ7u45Lhdn6RHhSLix,"rock, alternative, indie, pop, alternative_rock, indie_rock",,198480,0DotfDlYMGqkbzfBhcA5r6,2yiy9cd2QktrNvWC2EUi0k,Beautiful People (feat. Khalid) [Jack Wins Remix],,2005,The Killers,0DotfDlYMGqkbzfBhcA5r6,2yiy9cd2QktrNvWC2EUi0k,Beautiful People (feat. Khalid) [Jack Wins Remix],,2005,The Killers
TRVCCWR128F9304A30,Viva la Vida,https://p.scdn.co/mp3-preview/ab747fed1bfab2ac2c8ef7a260822520f6345113?cid=774b29d4f13844c495f206cafdad9c86,08A1lZeyLMWH58DT6aYjnC,"rock, alternative, indie, pop, alternative_rock, british, britpop",,235384,0DqP3bOCiC48L8SM9gK4W8,7INHYSeusaFlyrHSNxm8qH,Never Really Over (R3HAB Remix),,2013,Coldplay,0DqP3bOCiC48L8SM9gK4W8,7INHYSeusaFlyrHSNxm8qH,Never Really Over (R3HAB Remix),,2013,Coldplay
TRXOGZT128F424AD74,Karma Police,https://p.scdn.co/mp3-preview/5a09f5390e2862af1687f3671db3d6f84a813a45?cid=774b29d4f13844c495f206cafdad9c86,01puceOqImrzSfKDAcd1Ia,"rock, alternative, indie, alternative_rock, indie_rock, british, 90s, britpop",,264066,0Drs3maQb99iRglyTuxizI,6703SRPsLkS4bPtMFFJes1,Post Malone (feat. RANI) [GATTÜSO Remix],,1996,Radiohead,0Drs3maQb99iRglyTuxizI,6703SRPsLkS4bPtMFFJes1,Post Malone (feat. RANI) [GATTÜSO Remix],,1996,Radiohead
TRMZXEW128F9341FD5,The Scientist,https://p.scdn.co/mp3-preview/95cb9df1b056d759920b5e85ad7f9aff0a390671?cid=774b29d4f13844c495f206cafdad9c86,0GSSsT9szp0rJkBrYkzy6s,"rock, alternative, indie, pop, alternative_rock, british, piano, love, beautiful, 00s, britpop, mellow",Rock,311014,0DsPeAi1gxPPnYjgpiEGSR,7CvAfGvq4RlIwEbT9o8Iav,Tough Love (Tiësto Remix),,2007,Coldplay,0DsPeAi1gxPPnYjgpiEGSR,7CvAfGvq4RlIwEbT9o8Iav,Tough Love (Tiësto Remix),,2007,Coldplay
TRUJIIV12903CA8848,Clocks,https://p.scdn.co/mp3-preview/24c7fe858b234e3cb21872cd03ab44b669163fbb?cid=774b29d4f13844c495f206cafdad9c86,0BCPKOYdS2jbQ8iyB56Zns,"rock, alternative, indie, pop, alternative_rock, british, chillout, piano, britpop",,307879,0DtvnTxgZ9K5YaPS5jdlQW,4QxzbfSsVryEQwvPFEV5Iu,If I Can't Have You (Gryffin Remix),,2002,Coldplay,0DtvnTxgZ9K5YaPS5jdlQW,4QxzbfSsVryEQwvPFEV5Iu,If I Can't Have You (Gryffin Remix),,2002,Coldplay
TRIODZU128E078F3E2,Under the Bridge,https://p.scdn.co/mp3-preview/90e41778392f27b6f7dd82db4c90916b3727aa6a?cid=774b29d4f13844c495f206cafdad9c86,06zh28PcYIFvNOAz5Wq2Xb,"rock, alternative, alternative_rock, 90s, funk",Pop,265506,0Du4t8UK1lBD8TnOIa3c17,49bXZtlI5kQSqQMSCnSaWO,Cross Me (feat. Chance the Rapper & PnB Rock) [M-22 Remix],,2003,Red Hot Chili Peppers,0Du4t8UK1lBD8TnOIa3c17,49bXZtlI5kQSqQMSCnSaWO,Cross Me (feat. Chance the Rapper & PnB Rock) [M-22 Remix],,2003,Red Hot Chili Peppers
TRURKLR12903CEBD47,Seven Nation Army,https://p.scdn.co/mp3-preview/0cf1b44cf203258ea446560c62e891b887262024?cid=774b29d4f13844c495f206cafdad9c86,025zyxycElQVXwZSzrvJQr,"rock, alternative, indie, alternative_rock, indie_rock",,232680,0DuJ5k2ERoAizEdgUzJGTc,6e6RVFWdZaoTiLAZOCMnps,Hate Me (R3HAB Remix),,2008,The White Stripes,0DuJ5k2ERoAizEdgUzJGTc,6e6RVFWdZaoTiLAZOCMnps,Hate Me (R3HAB Remix),,2008,The White Stripes
TRYEZGE128F92D04C8,Feel Good Inc.,https://p.scdn.co/mp3-preview/7388c425022ced92b1caa7f73bcf0cb3080aee47?cid=774b29d4f13844c495f206cafdad9c86,09xrHi86kLkEIzDLZiHNnv,"rock, electronic, alternative, indie, pop, alternative_rock, dance, british, hip_hop, trip_hop",RnB,223106,0DujX6vG6qOz2wVBCQg5Vi,2R66I0nzp3NnuUlzIGWQ5P,Body On My,,2010,Gorillaz,0DujX6vG6qOz2wVBCQg5Vi,2R66I0nzp3NnuUlzIGWQ5P,Body On My,,2010,Gorillaz
TRUENYK128F4274057,Chop Suey!,https://p.scdn.co/mp3-preview/cd2a1f9fd7619bdae4e2e718b11d5bb054a3d677?cid=774b29d4f13844c495f206cafdad9c86,0EIIqshB4doby2sMQpeqGN,"rock, alternative, metal, alternative_rock, hard_rock, nu_metal",Metal,210480,0DvBSYDq5ikdlKgp94Yamq,7Al4TIo0c5twNLfdOh1y1u,SOS (Laidback Luke Tribute Remix),,2008,System of a Down,0DvBSYDq5ikdlKgp94Yamq,7Al4TIo0c5twNLfdOh1y1u,SOS (Laidback Luke Tribute Remix),,2008,System of a Down
TRXNTMB12903CA884A,Fix You,https://p.scdn.co/mp3-preview/b1640815319b2df5ddfac27a28f016319a281468?cid=774b29d4f13844c495f206cafdad9c86,0Kk4dfh9Kq7Okg4T58IBVR,"rock, alternative, indie, pop, alternative_rock, british, love, beautiful, britpop, mellow",,295826,0DvvojCMIqsOT1Btiwvq1h,2vx3BtBMn8Ed3ygEg1OT2t,Summer Days (feat. Macklemore & Patrick Stump of Fall Out Boy) [Remixes],,2016,Coldplay,0DvvojCMIqsOT1Btiwvq1h,2vx3BtBMn8Ed3ygEg1OT2t,Summer Days (feat. Macklemore & Patrick Stump of Fall Out Boy) [Remixes],,2016,Coldplay
TRREXPI128E078EE14,Lithium,https://p.scdn.co/mp3-preview/e346fce09e0dc8858d279bb42d5bf41bd9e603bb?cid=774b29d4f13844c495f206cafdad9c86,07hCnHx9DhqZg5eN6RvCbd,"rock, alternative, alternative_rock, 90s, grunge",,257053,0DxcE03jyjg3wQVHUQKx8C,1imXAvLuowvPYIsFMYUPY0,South of the Border (feat. Camila Cabello & Cardi B) [Andy Jarvis Remix],,1991,Nirvana,0DxcE03jyjg3wQVHUQKx8C,1imXAvLuowvPYIsFMYUPY0,South of the Border (feat. Camila Cabello & Cardi B) [Andy Jarvis Remix],,1991,Nirvana
TRAJBOD128F9303DCD,Song 2,https://p.scdn.co/mp3-preview/183c0855e94b58dcb267e2b0721d4a3c99260acf?cid=774b29d4f13844c495f206cafdad9c86,0g0VHJLFYFN3yHZImyQhPA,"rock, alternative, indie, alternative_rock, indie_rock, british, 90s, britpop",,122080,0DxsGcq4ILa7Ss2CmZfipk,4lXBBbiEgwTzcfAkqdXJV1,All My Friends (Eden Prince Remix),,2012,Blur,0DxsGcq4ILa7Ss2CmZfipk,4lXBBbiEgwTzcfAkqdXJV1,All My Friends (Eden Prince Remix),,2012,Blur
TRFNTDZ128F426B34D,In the End,https://p.scdn.co/mp3-preview/6ce8bcf317e8c562f348ea22c846846b5b70e8d9?cid=774b29d4f13844c495f206cafdad9c86,138JuTi1U3WIROalXod9FB,"rock, alternative, metal, alternative_rock, nu_metal",,216933,0DzKNJPHYPMaLDxDVEuznX,19z3vpbBT09lZ54neDfuFL,Say My Name (feat. Bebe Rexha & J Balvin) [Lucas & Steve Remix],,2000,Linkin Park,0DzKNJPHYPMaLDxDVEuznX,19z3vpbBT09lZ54neDfuFL,Say My Name (feat. Bebe Rexha & J Balvin) [Lucas & Steve Remix],,2000,Linkin Park
TRCSXPV128F425E2F7,Chasing Cars,https://p.scdn.co/mp3-preview/f6718903c52c507068a15158552eab1f4d8da28f?cid=774b29d4f13844c495f206cafdad9c86,01Jvw9zNg5LM2RF8WNfnLy,"rock, alternative, indie, pop, alternative_rock, indie_rock, british, love, beautiful, britpop, mellow",,265573,0DzfuBZVzDryD5ZqKla8EW,2LDzwN4iZ4qbSA32E9CG4Q,Dancing With A Stranger (With Normani) [Cheat Codes Remix],,2006,Snow Patrol,0DzfuBZVzDryD5ZqKla8EW,2LDzwN4iZ4qbSA32E9CG4Q,Dancing With A Stranger (With Normani) [Cheat Codes Remix],,2006,Snow Patrol
TRDKPRZ128F92F37EA,Otherside,https://p.scdn.co/mp3-preview/fe298962db3331e8523c714490c678be5313809a?cid=774b29d4f13844c495f206cafdad9c86,0lfH1VLbnBywPOmIMit60M,"rock, alternative, alternative_rock, 90s, funk",,255400,0DzvgthIK2nmlAPE0A2Uvo,097kyycr5ZuLS2cPwwUHwt,Let It Be Me (Remixes),,2014,Red Hot Chili Peppers,0DzvgthIK2nmlAPE0A2Uvo,097kyycr5ZuLS2cPwwUHwt,Let It Be Me (Remixes),,2014,Red Hot Chili Peppers
TRIQRZJ128F14898B4,When You Were Young,https://p.scdn.co/mp3-preview/8c8377ba2344ad94b74122033b070adcd361bdb2?cid=774b29d4f13844c495f206cafdad9c86,028sncWcELBmNBE6RYSRxh,"rock, alternative, indie, alternative_rock, indie_rock",,218053,0E01IqK2Q0vhDHOrQHRoHv,37bCTD5iLWMpDcBanNkkXB,Heaven (David Guetta & MORTEN Remix),,2012,The Killers,0E01IqK2Q0vhDHOrQHRoHv,37bCTD5iLWMpDcBanNkkXB,Heaven (David Guetta & MORTEN Remix),,2012,The Killers
TRRPNNQ12903CB411A,Supermassive Black Hole,https://p.scdn.co/mp3-preview/7ab3e38ce1671da3a185d8685981983a6f39b7bd?cid=774b29d4f13844c495f206cafdad9c86,0v6Mi3f552jMW6dhYoKAbC,"rock, alternative, indie, alternative_rock, indie_rock, progressive_rock, british",,209546,0E0SpAZoIxSSvBefCBLfUB,5r998zJ0MNYb2TTxyQmjxT,All Around The World (La La La) [Marnik Remix],,2010,Muse,0E0SpAZoIxSSvBefCBLfUB,5r998zJ0MNYb2TTxyQmjxT,All Around The World (La La La) [Marnik Remix],,2010,Muse
TRRSVFJ128F426FB31,Bohemian Rhapsody,https://p.scdn.co/mp3-preview/d1ff0ba5c5538ca2c50b808aab2278253c98b038?cid=774b29d4f13844c495f206cafdad9c86,0LiLzOhHCyGnCX1znFrtul,"rock, classic_rock, hard_rock, 80s, british, 70s",,356086,0E0afUR6aObnzDTMvjMEuC,1WhPuMFm5VaTJqe9rl3C5Q,Don't Leave Me Alone (feat. Anne-Marie) [EDX's Indian Summer Remix],,2016,Queen,0E0afUR6aObnzDTMvjMEuC,1WhPuMFm5VaTJqe9rl3C5Q,Don't Leave Me Alone (feat. Anne-Marie) [EDX's Indian Summer Remix],,2016,Queen
TRWEHTV12903D086FC,Use Somebody,https://p.scdn.co/mp3-preview/c1f5819057f7528777163bf7d75bf8609553c5be?cid=774b29d4f13844c495f206cafdad9c86,03BednbxXIA23kUtR5HMQ9,"rock, alternative, indie, alternative_rock, indie_rock",Electronic,230960,0E0eEzoo3nfBf5efmw6S1Q,6Ol6C42O7AWnTkj8pHMHWv,Slow Dance (feat. Ava Max) [Sam Feldt Remix],,2003,Kings of Leon,0E0eEzoo3nfBf5efmw6S1Q,6Ol6C42O7AWnTkj8pHMHWv,Slow Dance (feat. Ava Max) [Sam Feldt Remix],,2003,Kings of Leon
TRLSLNY128F93265C9,Starlight,https://p.scdn.co/mp3-preview/f7a1b8a270f310e43ced2720c9af5f29f6476b79?cid=774b29d4f13844c495f206cafdad9c86,0hlK03xCSPtLSFJdlZM2kZ,"rock, alternative, indie, alternative_rock, indie_rock, progressive_rock, british, beautiful, britpop",,243293,0E0n2GRFDjxWw3NiIAG8O3,5vf16sRhXB2f3sS5kteU2T,Do You Mean - The Remixes (feat. Ty Dolla $ign & bülow),,2006,Muse,0E0n2GRFDjxWw3NiIAG8O3,5vf16sRhXB2f3sS5kteU2T,Do You Mean - The Remixes (feat. Ty Dolla $ign & bülow),,2006,Muse
TRIQWYH128F1486062,Paranoid Android,https://p.scdn.co/mp3-preview/d68bd7fa4f0bd86ec2ebbd7ac73c2716a00a3486?cid=774b29d4f13844c495f206cafdad9c86,0bomiLGPTUNyk3mV19pbwN,"rock, electronic, alternative, indie, alternative_rock, experimental, indie_rock, progressive_rock, british, 90s, britpop",Jazz,384933,0E1g9toY6vQ4ANdEWV3H2o,1LTVUVJQ9wNArrbm02ZOVL,Hold Me While You Wait (Steve Void Remix),,2012,Radiohead,0E1g9toY6vQ4ANdEWV3H2o,1LTVUVJQ9wNArrbm02ZOVL,Hold Me While You Wait (Steve Void Remix),,2012,Radiohead
TRXZBFS128F92F24D2,Everlong,https://p.scdn.co/mp3-preview/26f7feca8e14f27659465e336117c03fb8ee29d4?cid=774b29d4f13844c495f206cafdad9c86,07q6QTQXyPRCf7GbLakRPr,"rock, alternative, alternative_rock, hard_rock, 90s, grunge",,249986,0E2KoM6UMbdCUigMup7Mm5,13pvchQvJxxpvvtsasA4NG,One Thing Right (Remixes),,2009,Foo Fighters,0E2KoM6UMbdCUigMup7Mm5,13pvchQvJxxpvvtsasA4NG,One Thing Right (Remixes),,2009,Foo Fighters
TRAGABG12903CEC68B,No Surprises,https://p.scdn.co/mp3-preview/de1369604de29117d80cfe277054c5d0d11ef732?cid=774b29d4f13844c495f206cafdad9c86,0ijMYjXk5iRZp2VsiC8MC8,"rock, alternative, indie, alternative_rock, indie_rock, british, 90s, beautiful, britpop, mellow",,229120,0E2f4liezEM9Q9OpIovTXJ,5bMicFMWsZlRZNTDq9h3oA,Close To Me (Remixes),,2008,Radiohead,0E2f4liezEM9Q9OpIovTXJ,5bMicFMWsZlRZNTDq9h3oA,Close To Me (Remixes),,2008,Radiohead
TRBBHPO128F930F55D,Iris,https://p.scdn.co/mp3-preview/0e87ade9fa869e31b3c32115c2c10ee8fa522c81?cid=774b29d4f13844c495f206cafdad9c86,0Ik6qKLeS741z2Xl2oy0YS,"rock, alternative, pop, alternative_rock, soundtrack, 90s, love, beautiful",,289533,0E3abAxpm40VzlkhFxBhUc,4pl2838fY2YPaqiT2yWuMo,So Am I (Toby Green Remix),,2013,Goo Goo Dolls,0E3abAxpm40VzlkhFxBhUc,4pl2838fY2YPaqiT2yWuMo,So Am I (Toby Green Remix),,2013,Goo Goo Dolls
TRXCXKA128F92E6258,Numb,https://p.scdn.co/mp3-preview/e6ccf7717f8a167bfea4afc1bf7da1a0cd707fbb?cid=774b29d4f13844c495f206cafdad9c86,0kO3njY9N1Rxgv27Ha1lLh,"rock, alternative, metal, alternative_rock, nu_metal",,185586,0E3hfspo8Y6JaVY7hx9Dbw,6MhbDWEsAP9Xsgoj0TuEOc,When You Leave (Breathe Carolina Remix),,2003,Linkin Park,0E3hfspo8Y6JaVY7hx9Dbw,6MhbDWEsAP9Xsgoj0TuEOc,When You Leave (Breathe Carolina Remix),,2003,Linkin Park
TRLQLBZ128F42A70F4,Zombie,https://p.scdn.co/mp3-preview/9a8fd2539aea02586dabd6cea3ab9059b532459b?cid=774b29d4f13844c495f206cafdad9c86,01vQXuDFQPIizZb7XE3BqN,"rock, alternative, female_vocalists, alternative_rock, 90s",,307400,0E65ao0wq06lp4F8sQEsy5,2Ryw2kkGP0VecGM9b4kjgo,Mother (Fedde Le Grand Remix),,2007,The Cranberries,0E65ao0wq06lp4F8sQEsy5,2Ryw2kkGP0VecGM9b4kjgo,Mother (Fedde Le Grand Remix),,2007,The Cranberries
TRJLKMS128F1494A77,Dani California,https://p.scdn.co/mp3-preview/87d4f1047475a73d44731914bca0b883cc1d5876?cid=774b29d4f13844c495f206cafdad9c86,0BWx4WKgUXKHj8npThsbcH,"rock, alternative, alternative_rock, funk",,282160,0E6Aro4b963h7TPeChGIxO,249wM0bMES3O4nFuwARq9i,Signs (Eden Prince Remix),,2006,Red Hot Chili Peppers,0E6Aro4b963h7TPeChGIxO,249wM0bMES3O4nFuwARq9i,Signs (Eden Prince Remix),,2006,Red Hot Chili Peppers
TRUOEWJ128F9345A85,Stairway to Heaven,https://p.scdn.co/mp3-preview/6879ce58805099f68ee59fe687dd5d7aa6e1585c?cid=774b29d4f13844c495f206cafdad9c86,03hLW9osM6UuNqlpwL8XPo,"rock, classic_rock, hard_rock, progressive_rock, 70s",Punk,488019,0E6Fm3v7ftnQ9kIqfG5VRz,6rWRg6yLGcLdG0IRaCB9LN,Ruin My Life (Remixes),,2013,Led Zeppelin,0E6Fm3v7ftnQ9kIqfG5VRz,6rWRg6yLGcLdG0IRaCB9LN,Ruin My Life (Remixes),,2013,Led Zeppelin
TRJVKZX128F4236A44,Welcome to the Jungle,https://p.scdn.co/mp3-preview/80a4f151e65749cb4170609c0a5ee505f7c1601a?cid=774b29d4f13844c495f206cafdad9c86,0Aau2Ju1RoLAhL90zRcDx4,"rock, metal, classic_rock, hard_rock, 80s, heavy_metal",,377386,0E6Hp8xNT93q3ydBupYT5z,6gKLNSKPll9DAG5xiygMxD,Torn (KREAM Remix),,2014,Guns N' Roses,0E6Hp8xNT93q3ydBupYT5z,6gKLNSKPll9DAG5xiygMxD,Torn (KREAM Remix),,2014,Guns N' Roses
TRUTNPC128F9300385,Clint Eastwood,https://p.scdn.co/mp3-preview/20e27bbc6c7dd769fc5245d2ef6da78e2ad99549?cid=774b29d4f13844c495f206cafdad9c86,04ucB3K9gVnynVBkDMdd0T,"rock, electronic, alternative, indie, pop, alternative_rock, british, rap, hip_hop, trip_hop, 00s",,337720,0E6xQFR342J2GVLjQr774K,4H87kr1cjR2CSUkTFopYEK,Quite Miss Home (Steve Void Remix),,2012,Gorillaz,0E6xQFR342J2GVLjQr774K,4H87kr1cjR2CSUkTFopYEK,Quite Miss Home (Steve Void Remix),,2012,Gorillaz
TRCPUIV128E079280D,Paint It Black,https://p.scdn.co/mp3-preview/b3ee20e3dbbee530ec004f84031da026beebb300?cid=774b29d4f13844c495f206cafdad9c86,0hBZCHzVNvboVLWS7aNKRO,"rock, classic_rock, british, 60s",,202106,0E7fAP8hg5YsmoqHEuPVN9,3E3l9Ae226bVoSwoPNuwWv,Love Me Less (Remixes),,1971,The Rolling Stones,0E7fAP8hg5YsmoqHEuPVN9,3E3l9Ae226bVoSwoPNuwWv,Love Me Less (Remixes),,1971,The Rolling Stones
TROIDPM12903CBDB4D,Reptilia,https://p.scdn.co/mp3-preview/8894d33d94ef1135ce87e0ac8058a6425e91e4c9?cid=774b29d4f13844c495f206cafdad9c86,2hmibAtdObO8F4tnhLENuQ,"rock, alternative, indie, alternative_rock, indie_rock, post_punk, 00s",,219826,0E80AIHqkMgmEbcCZiPwwY,44iw4l4Syoi5HZgCQzNSKJ,Happier (Remixes Pt. 2),,2003,The Strokes,0E80AIHqkMgmEbcCZiPwwY,44iw4l4Syoi5HZgCQzNSKJ,Happier (Remixes Pt. 2),,2003,The Strokes
TRIPMMN12903CF4B8A,The Pretender,https://p.scdn.co/mp3-preview/6aba2f4e671ffe07fd60807ca5fef82d48146d4c?cid=774b29d4f13844c495f206cafdad9c86,0FTZhIxKaX6HqJA0MvGR16,"rock, alternative, alternative_rock, hard_rock, grunge",,269320,0E8WJ6ltRtLTRhEQv3iNsT,3Yb3f9PL7aBpjuJPyiV0ot,Side Effects - Remixes,,2007,Foo Fighters,0E8WJ6ltRtLTRhEQv3iNsT,3Yb3f9PL7aBpjuJPyiV0ot,Side Effects - Remixes,,2007,Foo Fighters
TRIWYMW128F145E0F9,All These Things That I've Done,https://p.scdn.co/mp3-preview/3678a4052d850a79de958169e147183492b5c479?cid=774b29d4f13844c495f206cafdad9c86,07ygRsnqBqNFfdpmH3BeOV,"rock, alternative, indie, alternative_rock, indie_rock, 00s",,303213,0E8xqvEmMJQNbUMSZGYWh6,1r4KIEhxQJ7o3b5Fbv2sRe,Good Things Fall Apart (with Jon Bellion) [Tiësto's Big Room Remix],,2013,The Killers,0E8xqvEmMJQNbUMSZGYWh6,1r4KIEhxQJ7o3b5Fbv2sRe,Good Things Fall Apart (with Jon Bellion) [Tiësto's Big Room Remix],,2013,The Killers
TRAOMFT128F42A7684,Losing My Religion,https://p.scdn.co/mp3-preview/7e795b53f58d926a094c2f009f1d0db584dc8a3d?cid=774b29d4f13844c495f206cafdad9c86,04pRvt8HcPmmP6EeZoYMxa,"rock, alternative, indie, pop, alternative_rock, classic_rock, 90s",Pop,288160,0E9BbNtN2oExFDtFiVyyqf,0TLVzJLOGaY5j7UdKskpMx,Paradise (Bazzi vs. Black Caviar Remix),,2014,R.E.M.,0E9BbNtN2oExFDtFiVyyqf,0TLVzJLOGaY5j7UdKskpMx,Paradise (Bazzi vs. Black Caviar Remix),,2014,R.E.M.
TRFOPON12903CDF30E,Paranoid,https://p.scdn.co/mp3-preview/c3c74a5d2214f66307037df432d0ba2480e708fe?cid=774b29d4f13844c495f206cafdad9c86,01dw6mDc9xJMoEPasHaV7Y,"rock, metal, classic_rock, hard_rock, heavy_metal, 70s",,166546,0E9GBw9Q4QKswEISEnqamz,37vNU8L52IJZuO7e9hqBd9,White Mercedes (EDX's Miami Sunset Remix),,2010,Black Sabbath,0E9GBw9Q4QKswEISEnqamz,37vNU8L52IJZuO7e9hqBd9,White Mercedes (EDX's Miami Sunset Remix),,2010,Black Sabbath
TRXENSY128F4286505,Time Is Running Out,https://p.scdn.co/mp3-preview/b326e03624cb098d8387e17aa46669edac0d025a?cid=774b29d4f13844c495f206cafdad9c86,0bAng0CKxaDaXiLDNca9cc,"rock, alternative, indie, alternative_rock, indie_rock, progressive_rock, british",,236226,0EAIiKCDPXGtXEflUu8LIh,4wquJImu8RtyEuDtIAsfcE,Higher Love,,2003,Muse,0EAIiKCDPXGtXEflUu8LIh,4wquJImu8RtyEuDtIAsfcE,Higher Love,,2003,Muse
TRSXCET128F92EB269,I Kissed a Girl,https://p.scdn.co/mp3-preview/29414f20ba1659e9f54612e358d881861aa90c2d?cid=774b29d4f13844c495f206cafdad9c86,005lwxGU1tms6HGELIcUv9,"rock, pop, female_vocalists, dance, pop_rock",,179640,0EBhDCuHoIkatzCoqL3hTD,6k63cIUizpLu0h5hhIg8LG,Unlove You,,2008,Katy Perry,0EBhDCuHoIkatzCoqL3hTD,6k63cIUizpLu0h5hhIg8LG,Unlove You,,2008,Katy Perry
TRNNGMK128F423F034,Where Is My Mind?,https://p.scdn.co/mp3-preview/d4a375a9c19d4ea8083658b58402926d6990499b?cid=774b29d4f13844c495f206cafdad9c86,0DJU6KGwdkxEPCy3BZ3UZY,"rock, alternative, indie, alternative_rock, indie_rock, 80s, soundtrack",Rock,230093,0EDdx2mtOtph1rDexX7kO8,6lMlX68jJrx67hiCqdiDvW,bad guy (with Justin Bieber),,2005,Pixies,0EDdx2mtOtph1rDexX7kO8,6lMlX68jJrx67hiCqdiDvW,bad guy (with Justin Bieber),,2005,Pixies
TRAALAH128E078234A,Bitter Sweet Symphony,https://p.scdn.co/mp3-preview/3debe861147de110f5e72e6badd5aaa63247f2d4?cid=774b29d4f13844c495f206cafdad9c86,0jLnevC3Vn34qVWrAa4X6x,"rock, alternative, indie, pop, alternative_rock, indie_rock, british, chillout, soundtrack, 90s, beautiful, britpop",,358333,6S3nAGEmdt4nhPrtBJ56Ga,6sOIjQyLBuivHFkEBttj5J,Freaking Me Out (Keanu Silva Remix),,1999,The Verve,6S3nAGEmdt4nhPrtBJ56Ga,6sOIjQyLBuivHFkEBttj5J,Freaking Me Out (Keanu Silva Remix),,1999,The Verve
TRQFICK128F92F5190,Toxicity,https://p.scdn.co/mp3-preview/89e93c71655e81579d011e4521f7b6e9db173834?cid=774b29d4f13844c495f206cafdad9c86,0snQkGI5qnAmohLE7jTsTn,"rock, alternative, metal, alternative_rock, hard_rock, nu_metal",,218933,0VLMVnVbJyJ4oyZs2L3Yl2,6fUjIqkNJY56xS62ild7D1,Heaven Can Wait (The Aston Shuffle Remix),,2001,System of a Down,0VLMVnVbJyJ4oyZs2L3Yl2,6fUjIqkNJY56xS62ild7D1,Heaven Can Wait (The Aston Shuffle Remix),,2001,System of a Down
TRVRWFY128F4286EF9,Basket Case,https://p.scdn.co/mp3-preview/a66864fcfd8923c6084fc2000e3086e4e1e0a657?cid=774b29d4f13844c495f206cafdad9c86,2WtF8X3W7iHPF2KaJGUCuO,"rock, alternative, alternative_rock, punk, punk_rock, 90s",Rock,181533,0dt23bs4w8zx154C5xdVyl,13u5uffEUZZBoaI5kn5Zqd,When It Comes To You (Remixes),,2017,Green Day,0dt23bs4w8zx154C5xdVyl,13u5uffEUZZBoaI5kn5Zqd,When It Comes To You (Remixes),,2017,Green Day
TRADPIA128E078EE1B,Heart-Shaped Box,https://p.scdn.co/mp3-preview/72b22eeda1014182e399a6486786bb66e6a8c11f?cid=774b29d4f13844c495f206cafdad9c86,0FMu3Z1yvTJKLWgxG6ZLS5,"rock, alternative, alternative_rock, 90s, grunge",Rock,278520,0pGhoB99qpEJEsBQxgaskQ,2QVWSdvejmRHBaK1mroxPL,Gone (The Wild Remix),,2007,Nirvana,0pGhoB99qpEJEsBQxgaskQ,2QVWSdvejmRHBaK1mroxPL,Gone (The Wild Remix),,2007,Nirvana
TRFKBXC128F4243FFD,By the Way,https://p.scdn.co/mp3-preview/1b6ca5843bd21973cbb2c2410616dd10564e91da?cid=774b29d4f13844c495f206cafdad9c86,1f2V8U1BiWaC9aJWmpOARe,"rock, alternative, alternative_rock, funk",,216933,3HDrX2OtSuXLW5dLR85uN3,2oUf4rrrptVC50h75WzjmI,American Boy (Brooks Remix),,2002,Red Hot Chili Peppers,3HDrX2OtSuXLW5dLR85uN3,2oUf4rrrptVC50h75WzjmI,American Boy (Brooks Remix),,2002,Red Hot Chili Peppers
TRCYMBL128F4289BC1,I Will Follow You Into The Dark,https://p.scdn.co/mp3-preview/3ec4d60fbf25011995a35e3b516f5b5ceaae1906?cid=774b29d4f13844c495f206cafdad9c86,05LxlxqXeHh8Chl0ro8KHQ,"rock, alternative, indie, indie_rock, acoustic, emo, love, beautiful, mellow",,189186,0CLwCkyQAQh3aaIVcDDOka,4lzn3ikjb2HPZM6U6Y1IRL,Million Pieces (M-22 Remix),,2015,Death Cab for Cutie,0CLwCkyQAQh3aaIVcDDOka,4lzn3ikjb2HPZM6U6Y1IRL,Million Pieces (M-22 Remix),,2015,Death Cab for Cutie
TRIMWJA128F9309A68,Smile Like You Mean It,https://p.scdn.co/mp3-preview/41f03ab99969aaf0bd8dc43a16aa3c9aec6ccc3c?cid=774b29d4f13844c495f206cafdad9c86,03xdrZszrWGIMqyxByAiH5,"rock, alternative, indie, pop, alternative_rock, indie_rock",Rock,235480,0CMj2r0cVxhFyJ7JKJjeuA,2gGMD56Y8DAvIzpoYfA014,joy. (R3HAB Remix),,2004,The Killers,0CMj2r0cVxhFyJ7JKJjeuA,2gGMD56Y8DAvIzpoYfA014,joy. (R3HAB Remix),,2004,The Killers
TRRISDV128F42A72DA,Hysteria,https://p.scdn.co/mp3-preview/ff29ded2c1aa87ed04cb15ea9b1819dc4db95ad7?cid=774b29d4f13844c495f206cafdad9c86,01gGZKbc2EXSZCrk3g9nHJ,"rock, alternative, indie, alternative_rock, indie_rock, progressive_rock, british",Rock,226760,0CPJ0OH0nNPyutuSDYxCjJ,6GXIqRarFMaBWoF4N33foM,Crash Into Me (Settle Down Steavis Aoki Remix),,2010,Muse,0CPJ0OH0nNPyutuSDYxCjJ,6GXIqRarFMaBWoF4N33foM,Crash Into Me (Settle Down Steavis Aoki Remix),,2010,Muse
TRSFPEE128F429B0EE,In Bloom,https://p.scdn.co/mp3-preview/125a819ae02f496c47ed8a9d956f9f6b1aad9349?cid=774b29d4f13844c495f206cafdad9c86,2qdRHMosT8YO3zfEJQXHsW,"rock, alternative, alternative_rock, 90s, grunge",Punk,254760,0CQOV1r9SODIMxUKfBWN7r,66FxETmTBazRMZNbvGtGQl,Old Town Road (Diplo Remix),,1991,Nirvana,0CQOV1r9SODIMxUKfBWN7r,66FxETmTBazRMZNbvGtGQl,Old Town Road (Diplo Remix),,1991,Nirvana
TRXDGZZ128F92F9696,Love Will Tear Us Apart,https://p.scdn.co/mp3-preview/97260c7421b96a48e0712bd0f1f79e4c49e33acc?cid=774b29d4f13844c495f206cafdad9c86,01Y6Ruj8IP2zvXfXjvlcTs,"rock, alternative, indie, 80s, british, new_wave, post_punk, love",,190826,0CQnm2S7xXkfKAZBnQ3AuX,3BnKoWIFRdfjSmxfQPOHuK,Lovers + Strangers (GATTÜSO Remix),,2012,Joy Division,0CQnm2S7xXkfKAZBnQ3AuX,3BnKoWIFRdfjSmxfQPOHuK,Lovers + Strangers (GATTÜSO Remix),,2012,Joy Division
TRRSZKD128F933D41E,Don't Stop Believin',https://p.scdn.co/mp3-preview/21b9abd3cd2eea634e17a917196fdd5ba2e82670?cid=774b29d4f13844c495f206cafdad9c86,0A9NRug5YgRpwKBbcaovYH,"rock, classic_rock, 80s",,249293,0CYb1GLJyCd9YsDy1CyLaJ,7g15PlMnaKmFMUsSpR8aZt,Promises (with Sam Smith) [Remixes],,2015,Journey,0CYb1GLJyCd9YsDy1CyLaJ,7g15PlMnaKmFMUsSpR8aZt,Promises (with Sam Smith) [Remixes],,2015,Journey
TRFNNSW12903CDCD85,Someday,https://p.scdn.co/mp3-preview/83703b4cc3b487fa0773635bb98def1b7fc89cb0?cid=774b29d4f13844c495f206cafdad9c86,13hsNLxj4Q6E8b5Yg1IquK,"rock, alternative, indie, alternative_rock, indie_rock, 00s",,183440,0Cat0Vcsy8IvLMHQYFpXmB,04MEXjH1XyMV7O0IWDXN5p,Flames (with ZAYN) (R3HAB & Skytech VIP Remix),,2001,The Strokes,0Cat0Vcsy8IvLMHQYFpXmB,04MEXjH1XyMV7O0IWDXN5p,Flames (with ZAYN) (R3HAB & Skytech VIP Remix),,2001,The Strokes
TRCYFSS128F934406C,Don't Panic,https://p.scdn.co/mp3-preview/18d587e6cdcd4e7f652604097d13c69d9acd2e46?cid=774b29d4f13844c495f206cafdad9c86,0MbCcvzLYu3xq6OgEkSbhC,"rock, alternative, indie, pop, alternative_rock, indie_rock, british, chillout, soundtrack, beautiful, britpop, mellow, chill",,158426,0CcJoVb594zyyzV1gV6glB,1UmAfO69MdjI20N6etueHb,What Am I (SONDR Remix),,1999,Coldplay,0CcJoVb594zyyzV1gV6glB,1UmAfO69MdjI20N6etueHb,What Am I (SONDR Remix),,1999,Coldplay
TREFXDG128F421F525,Boulevard of Broken Dreams,https://p.scdn.co/mp3-preview/439804a8cc76ae7d380ae25d86ad9a4b314eae98?cid=774b29d4f13844c495f206cafdad9c86,1hwJKpe0BPUsq6UUrwBWTw,"rock, alternative, alternative_rock, punk, punk_rock",,261266,0AZanUIYLgaLUv6JPKrOk3,1ZmJJdNN2BAnVqoiU4xtZe,Cool Kids,,2004,Green Day,0AZanUIYLgaLUv6JPKrOk3,1ZmJJdNN2BAnVqoiU4xtZe,Cool Kids,,2004,Green Day
TRAIOMW12903CB235C,Back in Black,https://p.scdn.co/mp3-preview/506bc9a0485990973449b0467791e06174371284?cid=774b29d4f13844c495f206cafdad9c86,08mG3Y1vljYA6bvDt4Wqkj,"rock, metal, classic_rock, hard_rock, 80s, heavy_metal",,255493,0FlEKY0DAdwVppVT51oeLk,4shNfMW19y4WnkuhCHum19,Loco Contigo (with J. Balvin & Tyga) [Cedric Gervais Remix],,1980,AC/DC,0FlEKY0DAdwVppVT51oeLk,4shNfMW19y4WnkuhCHum19,Loco Contigo (with J. Balvin & Tyga) [Cedric Gervais Remix],,1980,AC/DC
TRPFYYL128F92F7144,Float On,https://p.scdn.co/mp3-preview/0d741d740ea0e449057d326439a47e974447e86d?cid=774b29d4f13844c495f206cafdad9c86,1Urf1M52P3R6NYdAOJizoW,"rock, alternative, indie, alternative_rock, indie_rock, indie_pop, 00s",Rock,208466,0FlIz3WjAXTExCeWD4A14G,5lsHOl5P5mWLHeslZCLSaQ,All Star (Breathe Carolina Remix),,2004,Modest Mouse,0FlIz3WjAXTExCeWD4A14G,5lsHOl5P5mWLHeslZCLSaQ,All Star (Breathe Carolina Remix),,2004,Modest Mouse
TRAAZQM128F93042E6,Bring Me to Life,https://p.scdn.co/mp3-preview/fbc615fe752212b7fd65fd82e7fa1eb8519b7e09?cid=774b29d4f13844c495f206cafdad9c86,00zmBA9YVd5z3ptHFIMGlL,"rock, alternative, female_vocalists, metal, alternative_rock, gothic_metal, gothic",,236333,0FlUvcVD3WSjL1cCx0Dp8E,2ms8D5cy72qBtVnxKlXtP3,Melt (Deluxe),,2003,Evanescence,0FlUvcVD3WSjL1cCx0Dp8E,2ms8D5cy72qBtVnxKlXtP3,Melt (Deluxe),,2003,Evanescence
TRLPNCR128F4262D8E,Can't Stop,https://p.scdn.co/mp3-preview/076f7d75404dfd18964d60da63d1855b192f3e62?cid=774b29d4f13844c495f206cafdad9c86,3ZOEytgrvLwQaqXreDs2Jx,"rock, alternative, alternative_rock, funk",Electronic,269000,0FmAcFoHbWoOIiJT8banyr,5DInvPwtc0gzZuZjpu1BHc,Stay (Don't Go Away) [feat. Raye] [Mark Knight Remix],,2002,Red Hot Chili Peppers,0FmAcFoHbWoOIiJT8banyr,5DInvPwtc0gzZuZjpu1BHc,Stay (Don't Go Away) [feat. Raye] [Mark Knight Remix],,2002,Red Hot Chili Peppers
TRXZXTP12903CB667B,She Will Be Loved,https://p.scdn.co/mp3-preview/c8e6c9aaf0895fd390e85761f307e63f531fdd7e?cid=774b29d4f13844c495f206cafdad9c86,03YDy08NY89fQZzhobPz0x,"rock, alternative, pop, alternative_rock, love, pop_rock",,256613,0Fmrf9QtehWo5XivMENtQ9,5cHgBxHHpJLjMWGBBiJEVJ,With You - The Remixes,,2011,Maroon 5,0Fmrf9QtehWo5XivMENtQ9,5cHgBxHHpJLjMWGBBiJEVJ,With You - The Remixes,,2011,Maroon 5
TRFROHP128F9309571,Nothing Else Matters,https://p.scdn.co/mp3-preview/d6e626f0c7bdf60ce42fff46bc4550596a5fb487?cid=774b29d4f13844c495f206cafdad9c86,0nLiqZ6A27jJri2VCalIUs,"rock, metal, hard_rock, heavy_metal, thrash_metal, 90s",Metal,388266,0Fn4AAkdzNJ8d6GXf3H92N,393WHbcQ36YL7O87MqYZzJ,Safety (The Dark Heart Remixes) (feat. DJ Snake),,1991,Metallica,0Fn4AAkdzNJ8d6GXf3H92N,393WHbcQ36YL7O87MqYZzJ,Safety (The Dark Heart Remixes) (feat. DJ Snake),,1991,Metallica
TRDOMPC128F4236A4D,Paradise City,https://p.scdn.co/mp3-preview/7e77dcdb69fc57950e0776d78397863bb91cfffd?cid=774b29d4f13844c495f206cafdad9c86,0LobJmDKU8e8oOJVwIOl55,"rock, metal, classic_rock, hard_rock, 80s, heavy_metal",,405666,0FnMqa1dpreetgg2fRhgbY,6KGnQuHVrsfblNq0ekXp3y,Beautiful (feat. Camila Cabello) [Bazzi vs. EDX's Ibiza Sunrise Remix],,1998,Guns N' Roses,0FnMqa1dpreetgg2fRhgbY,6KGnQuHVrsfblNq0ekXp3y,Beautiful (feat. Camila Cabello) [Bazzi vs. EDX's Ibiza Sunrise Remix],,1998,Guns N' Roses
TRUGANP12903CB2C46,Naïve,https://p.scdn.co/mp3-preview/798e1e21d3f6f76430feb5291e6bb608c9484fe9?cid=774b29d4f13844c495f206cafdad9c86,0itk18Y362KvHpXVwcF6yG,"rock, alternative, indie, indie_rock, british, britpop",Rock,203680,0FnegoCz1hBUwxIJ5eY7T1,3zKB8eOzx6nPOnKUf0A4CS,Talk (Disclosure VIP),,2012,The Kooks,0FnegoCz1hBUwxIJ5eY7T1,3zKB8eOzx6nPOnKUf0A4CS,Talk (Disclosure VIP),,2012,The Kooks
TRFNTRW128F422C28C,Trouble,https://p.scdn.co/mp3-preview/d304ea35aada75a163b7cf6eeb4fddb6090b76de?cid=774b29d4f13844c495f206cafdad9c86,09LoXTH3aa72YWMMYkPtKT,"rock, alternative, indie, pop, alternative_rock, indie_rock, british, chillout, piano, beautiful, britpop, mellow",Rock,270666,0FoCXmWSoIGHTWynzInGgB,1PbOvsQE07RzhUzeaZTldw,Spicy (with Diplo & Charli XCX) [Remixes],,2011,Coldplay,0FoCXmWSoIGHTWynzInGgB,1PbOvsQE07RzhUzeaZTldw,Spicy (with Diplo & Charli XCX) [Remixes],,2011,Coldplay
TRFWGOJ128E0780C8B,In My Place,https://p.scdn.co/mp3-preview/e152576c5affbc6d08bb5b67ff0f4d18e29914ce?cid=774b29d4f13844c495f206cafdad9c86,0M1MFIuPCxRitJ4lF7q3tx,"rock, alternative, indie, pop, alternative_rock, indie_rock, british, chillout, 00s, britpop, mellow",Rock,228346,0FoIW5oXgJqe2qZv4bWHE2,7kDHIbujnNBfCxe0KhYkZ3,Don't Leave Me Lonely (feat. Yebba) [Claptone Remix],,2012,Coldplay,0FoIW5oXgJqe2qZv4bWHE2,7kDHIbujnNBfCxe0KhYkZ3,Don't Leave Me Lonely (feat. Yebba) [Claptone Remix],,2012,Coldplay
TRRSJTI128F423D1C1,No One Knows,https://p.scdn.co/mp3-preview/7c75e26bfc6cddd2c87a55ccb5e7e765607c3706?cid=774b29d4f13844c495f206cafdad9c86,063ZwzDTRdyhMa4mKqpfnv,"rock, alternative, alternative_rock, hard_rock, 00s",,255133,0FpAizL4ViVWwwxguaW7jK,6T3Bfp49DNsclv7kq9eqP2,Treehouse (R3HAB Remix),,2007,Queens of the Stone Age,0FpAizL4ViVWwwxguaW7jK,6T3Bfp49DNsclv7kq9eqP2,Treehouse (R3HAB Remix),,2007,Queens of the Stone Age
TRHMVGF128E078ED9B,Rape Me,https://p.scdn.co/mp3-preview/06f5dbdf848611605f68fc1e60c92d1cf12db93a?cid=774b29d4f13844c495f206cafdad9c86,11Tm0hw3DDF1gqU0kSEwiC,"rock, alternative, alternative_rock, 90s, grunge",Rock,170000,0FqXFytrDEQneVZ66qKTQf,00wIfIEWOqJ2RFrRazVl0i,"Hearts Ain't Gonna Lie (Remixes, Pt. 1)",,1993,Nirvana,0FqXFytrDEQneVZ66qKTQf,00wIfIEWOqJ2RFrRazVl0i,"Hearts Ain't Gonna Lie (Remixes, Pt. 1)",,1993,Nirvana
TRUIVAV128F424A428,Polly,https://p.scdn.co/mp3-preview/360148780dc61c6f6b07b82f10e7521a07e864ce?cid=774b29d4f13844c495f206cafdad9c86,0xHch89AN9RlN8Nm4kJzs3,"rock, alternative, alternative_rock, 90s, acoustic, grunge",,196466,0FqzpHdzqDtTf69aBEQgi7,1ONuDpN0a3zhCUyKCgtuzK,World War Joy,,1994,Nirvana,0FqzpHdzqDtTf69aBEQgi7,1ONuDpN0a3zhCUyKCgtuzK,World War Joy,,1994,Nirvana
TRUFXWT128F147928F,Hurt,https://p.scdn.co/mp3-preview/88a729f6865d2c72c481d5a543d4bcb302310414?cid=774b29d4f13844c495f206cafdad9c86,1jHhOrH4kIhjLFvagzvw1s,"rock, classic_rock, folk, singer_songwriter, acoustic, country, beautiful, cover",,218586,0Fr9aue7RrkljEiistJoxw,41S9bfzXTSGK4HU2mp5qXH,Magnets EP,,2007,Johnny Cash,0Fr9aue7RrkljEiistJoxw,41S9bfzXTSGK4HU2mp5qXH,Magnets EP,,2007,Johnny Cash
TRCUKNC12903CA03A6,High and Dry,https://p.scdn.co/mp3-preview/7cc39826315239401b8bac4317c14c35ecdbcd58?cid=774b29d4f13844c495f206cafdad9c86,0LNkoLBBuDYHc5OKY2bOvx,"rock, alternative, indie, alternative_rock, indie_rock, british, 90s, acoustic, beautiful, britpop",,257480,0FrKXkadGI9XIYtHWjsg42,6NHS3hV16MZyfcp0nSHdrd,Here With Me,,2008,Radiohead,0FrKXkadGI9XIYtHWjsg42,6NHS3hV16MZyfcp0nSHdrd,Here With Me,,2008,Radiohead
TRCRCBT128F4260DD1,Such Great Heights,https://p.scdn.co/mp3-preview/0185e782194fa2fecba88d96ad9afb4fff8d6406?cid=774b29d4f13844c495f206cafdad9c86,0cs7BfenkAuxTVJv96KMme,"rock, electronic, alternative, indie, pop, indie_rock, indie_pop, love",,267466,0FrUyJMAY6I3W0OQQBjDcQ,1N3m1ZId0DMGaCN83haJLs,Easier (Seeb Remix),,2003,The Postal Service,0FrUyJMAY6I3W0OQQBjDcQ,1N3m1ZId0DMGaCN83haJLs,Easier (Seeb Remix),,2003,The Postal Service
TRSCMBY128F9311188,Mardy Bum,https://p.scdn.co/mp3-preview/4964cbac745e7e8ef3968b684ba291e8c756c579?cid=774b29d4f13844c495f206cafdad9c86,0gNQKJ5uTPeuxF2iVJAUAc,"rock, alternative, indie, alternative_rock, indie_rock, british, 00s, britpop",Rock,175426,0FriSDHrgYxYDM9Fwpxgx9,5AXNN75OmMjFrwst6ExNPx,Sixteen,,2006,Arctic Monkeys,0FriSDHrgYxYDM9Fwpxgx9,5AXNN75OmMjFrwst6ExNPx,Sixteen,,2006,Arctic Monkeys
TRYFDIV128F42BAF81,Fake Plastic Trees,https://p.scdn.co/mp3-preview/9f661dae7578998a5817c65210ff23fbfa1a0c74?cid=774b29d4f13844c495f206cafdad9c86,045sp2JToyTaaKyXkGejPy,"rock, alternative, indie, alternative_rock, indie_rock, british, 90s, love, beautiful, britpop, mellow",Rock,290706,0FrzYPJCeWvJQasKGo1Njh,3KjXg0MDej2pG9fv6I22lT,Never Really Over,,1995,Radiohead,0FrzYPJCeWvJQasKGo1Njh,3KjXg0MDej2pG9fv6I22lT,Never Really Over,,1995,Radiohead
TRCSKKO128EF33DD14,Sweet Home Alabama,https://p.scdn.co/mp3-preview/56c87d16c2f7514de3887a75e1084849b4f33198?cid=774b29d4f13844c495f206cafdad9c86,00I3Ty0pd83FWrPufrF03P,"rock, classic_rock, 70s, blues_rock",Rock,283973,0FsR85VYCi3F5W6gZmS3R2,0xLM3GiU0ZSstvhmeV0hmf,All You Need To Know (feat. Calle Lehmann),,1998,Lynyrd Skynyrd,0FsR85VYCi3F5W6gZmS3R2,0xLM3GiU0ZSstvhmeV0hmf,All You Need To Know (feat. Calle Lehmann),,1998,Lynyrd Skynyrd
TRYJPIH128F4262602,This Love,https://p.scdn.co/mp3-preview/86ee8e73aa2c439b7f772e939c5c5f542dca32d1?cid=774b29d4f13844c495f206cafdad9c86,0mIllpvSLn6pEgBNTkCmKX,"rock, alternative, pop, alternative_rock, love, 00s, pop_rock",RnB,205786,0Fso98ZlRTCBtkDomWdLdU,0G0ho2sdOWIRRAh1PDTVFd,I Miss Myself (with HRVY),,2007,Maroon 5,0Fso98ZlRTCBtkDomWdLdU,0G0ho2sdOWIRRAh1PDTVFd,I Miss Myself (with HRVY),,2007,Maroon 5
TREIGEZ12903CD2F22,Don't Look Back in Anger,https://p.scdn.co/mp3-preview/5b82274e20e152fa933b2ce8db18aa5120e0bd1a?cid=774b29d4f13844c495f206cafdad9c86,0dgwXPvMBoEtA4iljLy0zY,"rock, alternative, indie, alternative_rock, british, 90s, britpop",,287826,0Ft8borU3EjHQnJdOI6UnD,05Bru0ZVTxp4orAyrZIA77,South of the Border (feat. Camila Cabello & Cardi B) [Sam Feldt Remix],,1995,Oasis,0Ft8borU3EjHQnJdOI6UnD,05Bru0ZVTxp4orAyrZIA77,South of the Border (feat. Camila Cabello & Cardi B) [Sam Feldt Remix],,1995,Oasis
TRAAHSY128F147BB5C,Speed of Sound,https://p.scdn.co/mp3-preview/739f1ff67c5b9a416d7a1136c2e15b53a67bdce9?cid=774b29d4f13844c495f206cafdad9c86,1CAPtD2FgB23xGewa3nqkg,"rock, alternative, indie, pop, alternative_rock, indie_rock, british, piano, 00s, britpop, mellow",Rock,287906,0FtbOQA0alUQSKQPEN7eIF,1JawI0XkEwmQ5Bwef3RMbq,World War Joy...Takeaway,,2008,Coldplay,0FtbOQA0alUQSKQPEN7eIF,1JawI0XkEwmQ5Bwef3RMbq,World War Joy...Takeaway,,2008,Coldplay
TRQEQMC128F4251B04,Break on Through (to the Other Side),https://p.scdn.co/mp3-preview/d8f685ff9b50f2f6f7672fc86642df000b195481?cid=774b29d4f13844c495f206cafdad9c86,1OdO2milIwmQTkIkLZyPo0,"rock, classic_rock, psychedelic, 60s, psychedelic_rock",,145866,0FtcQko2Wq1Wz2ByA2hzly,4x79GTZCS7XsmxK9qxxMmV,All the Time,,1972,The Doors,0FtcQko2Wq1Wz2ByA2hzly,4x79GTZCS7XsmxK9qxxMmV,All the Time,,1972,The Doors
TRJQVPN128F932BE9C,Here Without You,https://p.scdn.co/mp3-preview/182be4ef37fdfa43e0e0f39d1851a48189512d23?cid=774b29d4f13844c495f206cafdad9c86,0AG5b5RfnsTUmKWni1WrVT,"rock, alternative, alternative_rock, love",,237080,0FuOtcekzQPV88pvwoWdrv,6gPZmYBSipug1asf4zu9jh,What I Like About You (feat. Theresa Rex),,2008,3 Doors Down,0FuOtcekzQPV88pvwoWdrv,6gPZmYBSipug1asf4zu9jh,What I Like About You (feat. Theresa Rex),,2008,3 Doors Down
TRJCDDQ128F429B0E4,Black Hole Sun,https://p.scdn.co/mp3-preview/7dfd9e00e578f29f88afb25c42511e3c42893524?cid=774b29d4f13844c495f206cafdad9c86,00akIMQYqZtMOq20xIOQId,"rock, alternative, alternative_rock, 90s, grunge",,271435,0FuWWsAZFQbQfUFhONI6pu,03Rd91m56yw4XklwHF9FHq,With You,,2016,Soundgarden,0FuWWsAZFQbQfUFhONI6pu,03Rd91m56yw4XklwHF9FHq,With You,,2016,Soundgarden
TRPSVTL128F936017F,Sultans of Swing,https://p.scdn.co/mp3-preview/a00a90236f87d059c5a9ff481680a29f7a60e8bb?cid=774b29d4f13844c495f206cafdad9c86,00C4IJWpY3k2cmo7dHuSs1,"rock, classic_rock, 80s, 70s, guitar",Rock,348812,0FubKw8QsNSjeGd6XZ55rx,3VCPQRcHVxiVaePlQ6TwoF,Body Back (feat. Maia Wright),,2013,Dire Straits,0FubKw8QsNSjeGd6XZ55rx,3VCPQRcHVxiVaePlQ6TwoF,Body Back (feat. Maia Wright),,2013,Dire Straits
TRDYCXM128F424421F,Another One Bites the Dust,https://p.scdn.co/mp3-preview/c105fe344eed632ebb72a1a0ed8efcfb5a47c6ff?cid=774b29d4f13844c495f206cafdad9c86,0ibKC39pfwJSXY6ZNSbmJN,"rock, classic_rock, hard_rock, 80s, british",,215345,0FuodMZtQAg59EcfcGsxDB,3GTuto6NDtZegL6idSk183,Not Ok,,2009,Queen,0FuodMZtQAg59EcfcGsxDB,3GTuto6NDtZegL6idSk183,Not Ok,,2009,Queen
TRDKODA128F92FAF36,Learn to Fly,https://p.scdn.co/mp3-preview/371ecdede3dda7f49d04ba01ee7c6087abd31e79?cid=774b29d4f13844c495f206cafdad9c86,0mWiuXuLAJ3Brin3Or2x6v,"rock, alternative, alternative_rock, 90s, grunge",,234800,0FvnGcM4CRonJDq4vFmXbI,2BM5FQCILC33Va2jOZ11Mu,Ruin My Life,,2009,Foo Fighters,0FvnGcM4CRonJDq4vFmXbI,2BM5FQCILC33Va2jOZ11Mu,Ruin My Life,,2009,Foo Fighters
TRDILER128F425B313,Kryptonite,https://p.scdn.co/mp3-preview/785242ace267b27c97483eb51c5a0c6a54807611?cid=774b29d4f13844c495f206cafdad9c86,0cb0Ks7AHEG2WojvmxBf1x,"rock, alternative, alternative_rock, hard_rock",,235466,0FvsVWobzdZkG4DdovqSKd,2xqSl9X8ulJayI0KxABaLV,I Wanna Know (feat. Bea Miller),,2012,3 Doors Down,0FvsVWobzdZkG4DdovqSKd,2xqSl9X8ulJayI0KxABaLV,I Wanna Know (feat. Bea Miller),,2012,3 Doors Down
TRXCSBC128E07943A1,Radioactive,https://p.scdn.co/mp3-preview/da67866af09b9906c4f828eb9dd18719e9655e97?cid=774b29d4f13844c495f206cafdad9c86,07k45oBi6TbbwB2fxCcGl5,"rock, alternative, indie, alternative_rock, indie_rock, american",,186653,0Fw4jGXXHGWmSVGNatwqVZ,4CoLHunP23dUcORSP1Nfzb,Better With You,,2013,Imagine Dragons,0Fw4jGXXHGWmSVGNatwqVZ,4CoLHunP23dUcORSP1Nfzb,Better With You,,2013,Imagine Dragons
TRIQAMB128F4248D92,Are You Gonna Be My Girl,https://p.scdn.co/mp3-preview/f0e6e6d1835303097ef22037f333f8c057463146?cid=774b29d4f13844c495f206cafdad9c86,0bCdJzPO8jzme0oCAtIZxr,"rock, alternative, indie, alternative_rock, indie_rock",,213800,0FwQCDim58OUiXj9jcfsPm,1Z7WbPmn7QFoJ2DrNfEehz,"Carry On (from the Original Motion Picture ""POKÉMON Detective Pikachu"")",,2012,Jet,0FwQCDim58OUiXj9jcfsPm,1Z7WbPmn7QFoJ2DrNfEehz,"Carry On (from the Original Motion Picture ""POKÉMON Detective Pikachu"")",,2012,Jet
TRPITSC128F92E27C0,Wake Me Up When September Ends,https://p.scdn.co/mp3-preview/a83eedd6b982d4afdc2ceaeb458f471118ad78aa?cid=774b29d4f13844c495f206cafdad9c86,0rWZLMLDOFn7xAtwJrGDuj,"rock, alternative, indie, alternative_rock, punk, punk_rock, american, 00s",,285653,0FwRZNm6qVL1Lbq2dmWIqP,6x8gRx7RDvPckYBzPodW8w,Blue,,2013,Green Day,0FwRZNm6qVL1Lbq2dmWIqP,6x8gRx7RDvPckYBzPodW8w,Blue,,2013,Green Day
TRXNSKZ128F427F1FB,Last Nite,https://p.scdn.co/mp3-preview/dd2111a218b3007e3e23a6be300a87f02aee045a?cid=774b29d4f13844c495f206cafdad9c86,1zfcJIw2XkBoBSOzLDbiM5,"rock, alternative, indie, alternative_rock, indie_rock, 00s",Rock,193373,0FwT5eGbftBUVsWAVLqf5p,3ynoYncFXzo2OfPT8j93Pw,Lost In Japan (Remix),,2001,The Strokes,0FwT5eGbftBUVsWAVLqf5p,3ynoYncFXzo2OfPT8j93Pw,Lost In Japan (Remix),,2001,The Strokes
TRCSOOX128F423EDE7,All Apologies,https://p.scdn.co/mp3-preview/ef80e817943da1bdccd7984a12a3539d3db66e43?cid=774b29d4f13844c495f206cafdad9c86,0Bb6Ew55idKQ8IYTiQNnKy,"rock, alternative, alternative_rock, 90s, grunge",,229973,0FwfQahyfRMBfwS35GdXwL,60xcVwuQJAOyu11xf9mObS,ASCEND,,1993,Nirvana,0FwfQahyfRMBfwS35GdXwL,60xcVwuQJAOyu11xf9mObS,ASCEND,,1993,Nirvana
TRASRXK128F9311176,Fake Tales of San Francisco,https://p.scdn.co/mp3-preview/93d7fa28380ae4499a16dececa48b7a117bd44ea?cid=774b29d4f13844c495f206cafdad9c86,1RqqEU82PZFxy9AOntKosx,"rock, alternative, indie, alternative_rock, indie_rock, british, britpop",Rock,179946,0FwpYhP41wVFvqUIzufbzY,3AaYBMcqoBYcZLfBsNDLri,I'm Not Alright,,2006,Arctic Monkeys,0FwpYhP41wVFvqUIzufbzY,3AaYBMcqoBYcZLfBsNDLri,I'm Not Alright,,2006,Arctic Monkeys
TRRVVTK128F422BB5D,Don't Stop Me Now,https://p.scdn.co/mp3-preview/6042b8adbf1102b28d5da81aa952134af83080b1?cid=774b29d4f13844c495f206cafdad9c86,0ch4H0B6RvfOvpI47YXyre,"rock, classic_rock, 80s, british, 70s",Pop,268173,0FwyyQGLxYxavQyVUrBCYu,7Jx7doYIXITyR2LQB0Hvbc,SOS,,1979,Queen,0FwyyQGLxYxavQyVUrBCYu,7Jx7doYIXITyR2LQB0Hvbc,SOS,,1979,Queen
TROCLWN128F92EB284,Fluorescent Adolescent,https://p.scdn.co/mp3-preview/cb8560b45aa0d4028e94a2648686c460641074d0?cid=774b29d4f13844c495f206cafdad9c86,02Y78WneC8bUaKWouKl00v,"rock, alternative, indie, alternative_rock, indie_rock, british, 00s, britpop",Pop,177534,0FxgbHEKHPV4NUyXcr4uUj,1fYOToOfdZXY5hrOra8z2Z,Snacks,,2007,Arctic Monkeys,0FxgbHEKHPV4NUyXcr4uUj,1fYOToOfdZXY5hrOra8z2Z,Snacks,,2007,Arctic Monkeys
TRWQINA128F9339E57,Buddy Holly,https://p.scdn.co/mp3-preview/8e4fe24146a0acac840e9f3ed45f92b684bd96bf?cid=774b29d4f13844c495f206cafdad9c86,0gOyllwzM7IvfuYZ903zNv,"rock, alternative, indie, alternative_rock, indie_rock, 90s, american",Rock,159226,0FxhAfvCH5BCMAda7fH0W8,7nEiwcUSwycvC77kZ9ub7c,The Middle,,1994,Weezer,0FxhAfvCH5BCMAda7fH0W8,7nEiwcUSwycvC77kZ9ub7c,The Middle,,1994,Weezer
TRXPXGP128F9319B6D,Island in the Sun,https://p.scdn.co/mp3-preview/466f86cec2ab7d9248f93fab9221511cacc88c31?cid=774b29d4f13844c495f206cafdad9c86,07n8herweO0s6AmVvWGg38,"rock, alternative, indie, pop, alternative_rock, indie_rock, 90s, 00s, mellow, chill",,200066,0KqbCJ52M2IeX9MZOQYFXi,5sPC6RYCERdNCzHLRf9zHb,Wanted,,2009,Weezer,0KqbCJ52M2IeX9MZOQYFXi,5sPC6RYCERdNCzHLRf9zHb,Wanted,,2009,Weezer
TRRKQMW128F9312597,Banquet,https://p.scdn.co/mp3-preview/c458c74ad185378340fe18e7ea32214136ac27bc?cid=774b29d4f13844c495f206cafdad9c86,10DvIvSGKXCbAQtWsmJ5TF,"rock, alternative, indie, alternative_rock, indie_rock, british, post_punk, britpop",Rock,198986,0Kr1sWSwNTv46gdNH1udlL,2dRuXHSYXjRubjTkjMFZFD,Crash Into Me,,2011,Bloc Party,0Kr1sWSwNTv46gdNH1udlL,2dRuXHSYXjRubjTkjMFZFD,Crash Into Me,,2011,Bloc Party
TRFOVTO128F4228CC3,Fortunate Son,https://p.scdn.co/mp3-preview/3136857b0f683af80257d8641b8e2680ddd8f2ce?cid=774b29d4f13844c495f206cafdad9c86,02W3Xt0zd4cXTQ923Cx9Q3,"rock, classic_rock, 60s",Rock,138052,0Kr4BIMlQVjRalTBKbJQ6u,5CaTHgZaRvb2vCK1mVbCR1,Gravity,,2005,Creedence Clearwater Revival,0Kr4BIMlQVjRalTBKbJQ6u,5CaTHgZaRvb2vCK1mVbCR1,Gravity,,2005,Creedence Clearwater Revival
TRINBYX128E0788920,1979,https://p.scdn.co/mp3-preview/133a9c8c49f32b3efa5addbd4fc1a553382da3d0?cid=774b29d4f13844c495f206cafdad9c86,0x2RFa998GW2SJ0taSn9W6,"rock, alternative, indie, alternative_rock, 90s, grunge",Rock,267266,0Kr56HcJFhJLcAaLWwxOUM,4IYvXJnU8zPRzPPTu4dJUl,Good Things Fall Apart (with Jon Bellion),,2013,The Smashing Pumpkins,0Kr56HcJFhJLcAaLWwxOUM,4IYvXJnU8zPRzPPTu4dJUl,Good Things Fall Apart (with Jon Bellion),,2013,The Smashing Pumpkins
TRXCCHH128F429C0A9,Lonely Day,https://p.scdn.co/mp3-preview/b11499607c5ba42aae537b0aebd3bef92f335eba?cid=774b29d4f13844c495f206cafdad9c86,0EJHR4yvxC4TdLdbmQ9Ktq,"rock, alternative, metal, alternative_rock, hard_rock, nu_metal",Rock,167906,0B1Yk8Wm3duNXMsUns1r7a,0syM7OUAhV7S6XmOa4nLUZ,Ivy To Roses (Mixtape),,2010,System of a Down,0B1Yk8Wm3duNXMsUns1r7a,0syM7OUAhV7S6XmOa4nLUZ,Ivy To Roses (Mixtape),,2010,System of a Down
TRUFSZX128F9325AAB,Every Breath You Take,https://p.scdn.co/mp3-preview/7c08076943943824bf2e2c64e67ed98aa3a31713?cid=774b29d4f13844c495f206cafdad9c86,04BZpl14RpYqAtSb5ec5kz,"rock, pop, classic_rock, 80s, british, new_wave",,300706,0B1xlavPmlfLaytmmxjX81,1mfUDy3N3YIHDlJp42IKmY,Nostalgic,,2013,The Police,0B1xlavPmlfLaytmmxjX81,1mfUDy3N3YIHDlJp42IKmY,Nostalgic,,2013,The Police
TRYFESD128F424095C,How You Remind Me,https://p.scdn.co/mp3-preview/bce58ffc6c70e0fcf2f2c0228f794743a07569ab?cid=774b29d4f13844c495f206cafdad9c86,0F2nGhgFNlkVHm81zNEvW6,"rock, alternative, alternative_rock, hard_rock",Rock,223826,0B2Hbk3PbHwWG987SX5pGY,6nPJEALAjWKOE1jWPws7jj,Let It Be Me,,2001,Nickelback,0B2Hbk3PbHwWG987SX5pGY,6nPJEALAjWKOE1jWPws7jj,Let It Be Me,,2001,Nickelback
TRGAIDZ128F92EF7A1,Don't Speak,https://p.scdn.co/mp3-preview/3a7c3123dcbdc8454977a9be7c90875bc3438569?cid=774b29d4f13844c495f206cafdad9c86,0usJ6ywAqqeJx1nQl5SWlP,"rock, alternative, pop, female_vocalists, alternative_rock, 90s, love, pop_rock, ska",,263000,0B2SazkeE2aELoTYdrP0TT,25sQqb9Bw2zbBLXQGJwFRG,Lovers + Strangers,,2004,No Doubt,0B2SazkeE2aELoTYdrP0TT,25sQqb9Bw2zbBLXQGJwFRG,Lovers + Strangers,,2004,No Doubt
TRRGJNU128F92F42BF,Light My Fire,https://p.scdn.co/mp3-preview/587df1d06b120c97f7859c8e47f7f59ac65096f0?cid=774b29d4f13844c495f206cafdad9c86,04Z8wWkZ9jUFXIbjs1sgUt,"rock, classic_rock, psychedelic, 60s, psychedelic_rock",Rock,412280,0B2egobfEz4vuhXtGARf6U,0D26ZmfHtg7309j2TEKxnR,Sad Song (feat. TINI),,2012,The Doors,0B2egobfEz4vuhXtGARf6U,0D26ZmfHtg7309j2TEKxnR,Sad Song (feat. TINI),,2012,The Doors
TRCBZKH128F4277109,We Will Rock You,https://p.scdn.co/mp3-preview/77650d27f9d1c150eaacf12ab83ce62b2e99dca0?cid=774b29d4f13844c495f206cafdad9c86,03jhnLcIT8C4DhXnNecOZv,"rock, classic_rock, hard_rock, 80s, british, 70s",Rock,121706,0B2jd6uGKVNIpowxnHH4rX,7arFGGWl2p1FTC3LPTw7Dz,In the Shape of a Dream,,2006,Queen,0B2jd6uGKVNIpowxnHH4rX,7arFGGWl2p1FTC3LPTw7Dz,In the Shape of a Dream,,2006,Queen
TRCPPBY128F92F4290,Dream On,https://p.scdn.co/mp3-preview/4c7fea33f70ea10631656c9bccace988ee2aaa42?cid=774b29d4f13844c495f206cafdad9c86,07KHJvlYBeQVqrmifTEqEp,"rock, classic_rock, hard_rock, 70s",,265093,0B2z8yGCFIgtSZqRLfa98d,0wQCkA93jbaOowF6bHsDfz,Save Me Tonight,,2011,Aerosmith,0B2z8yGCFIgtSZqRLfa98d,0wQCkA93jbaOowF6bHsDfz,Save Me Tonight,,2011,Aerosmith
TRXIBFG128F42A4CFF,The Kids Aren't Alright,https://p.scdn.co/mp3-preview/74fd14ff0029da616e14376e853697dc10079783?cid=774b29d4f13844c495f206cafdad9c86,1kYq9r2xSLCPbCpb6jvr4V,"rock, alternative, alternative_rock, punk, punk_rock, 90s",Rock,179946,0B3KhPH71OuJsEUYH5M3ah,1XYA8eDvomdYTbQBzk0jT1,Pretty Girl (Cheat Codes X CADE Remix),,2005,The Offspring,0B3KhPH71OuJsEUYH5M3ah,1XYA8eDvomdYTbQBzk0jT1,Pretty Girl (Cheat Codes X CADE Remix),,2005,The Offspring
TRVKVCD128F42803D8,Everything in Its Right Place,https://p.scdn.co/mp3-preview/54f1a88d16e6a4be7f82fccc62f8047652686b16?cid=774b29d4f13844c495f206cafdad9c86,0EbbQxW5KqDo2lS4Uxtoz5,"rock, electronic, alternative, indie, alternative_rock, ambient, experimental, british, chillout",,249560,0B3KnObNDWKSz47DAGiMif,1XYA8eDvomdYTbQBzk0jT2,No Sleep (feat. Bonn),,2000,Radiohead,0B3KnObNDWKSz47DAGiMif,1XYA8eDvomdYTbQBzk0jT2,No Sleep (feat. Bonn),,2000,Radiohead
TRXTJPE128F424981D,Boys Don't Cry,https://p.scdn.co/mp3-preview/12a0aab22cf5bc7d9f2d28068f8aa64de2982497?cid=774b29d4f13844c495f206cafdad9c86,0a3cUjyu8R1UC3MyIawZlA,"rock, alternative, indie, pop, alternative_rock, 80s, british, new_wave, post_punk",,161200,0B3NE8MZszXGozdifpSq99,1XYA8eDvomdYTbQBzk0jT3,Feel Good (feat. Daya),,2001,The Cure,0B3NE8MZszXGozdifpSq99,1XYA8eDvomdYTbQBzk0jT3,Feel Good (feat. Daya),,2001,The Cure
TROPNWM128F1488325,Just Like Heaven,https://p.scdn.co/mp3-preview/7a0e874d160460227cd70fab9778e0902c812aaf?cid=774b29d4f13844c495f206cafdad9c86,00JSPaZtV49IMMtmMDqrcX,"rock, alternative, pop, alternative_rock, 80s, british, new_wave, post_punk, love",,212853,0B3OaTKxteuyxtESPeiYIf,1XYA8eDvomdYTbQBzk0jT4,Endless Summer,,2003,The Cure,0B3OaTKxteuyxtESPeiYIf,1XYA8eDvomdYTbQBzk0jT4,Endless Summer,,2003,The Cure
TRBRRRZ128F930AB47,One Step Closer,https://p.scdn.co/mp3-preview/4859175e37ab4336af22f983fec6d2d126a2b1de?cid=774b29d4f13844c495f206cafdad9c86,0jLPZfxVzioMLFVx4dcIy1,"rock, alternative, metal, alternative_rock, hard_rock, nu_metal",Rock,157333,0B3TF8qPj1HJW652JwwXta,1XYA8eDvomdYTbQBzk0jT5,Faith (with Dolly Parton) [feat. Mr. Probz],,2000,Linkin Park,0B3TF8qPj1HJW652JwwXta,1XYA8eDvomdYTbQBzk0jT5,Faith (with Dolly Parton) [feat. Mr. Probz],,2000,Linkin Park
TRGDQFS128F933AD5C,Violet Hill,https://p.scdn.co/mp3-preview/d1203aa08085a764cc2d494e48f6aaf58b244e59?cid=774b29d4f13844c495f206cafdad9c86,0aeknkZO0MWCdgwlNMypib,"rock, alternative, indie, pop, alternative_rock, british, 00s, britpop",Rock,221306,0B3b39Vu0cR5cEOLe2IOte,1XYA8eDvomdYTbQBzk0jT6,Think About You,,2008,Coldplay,0B3b39Vu0cR5cEOLe2IOte,1XYA8eDvomdYTbQBzk0jT6,Think About You,,2008,Coldplay
TRCQJSC12903D00F96,Beautiful Day,https://p.scdn.co/mp3-preview/e12ab124cc3fa80a08affe22e2327fe78750d24b?cid=774b29d4f13844c495f206cafdad9c86,0A5PumFRR67jUbWuzRQOKX,"rock, alternative, pop, classic_rock, pop_rock",,251506,0B3mPaK7YDs7YfAoaqbCin,1XYA8eDvomdYTbQBzk0jT7,Dedicated,,2007,U2,0B3mPaK7YDs7YfAoaqbCin,1XYA8eDvomdYTbQBzk0jT7,Dedicated,,2007,U2
TRXZHUK128F424B8BF,With or Without You,https://p.scdn.co/mp3-preview/72edee9a1e8aa1548a4f86b58c5c9e0965e26591?cid=774b29d4f13844c495f206cafdad9c86,07F7HYI1I8i5JWDhEVWCmm,"rock, alternative, pop, classic_rock, 80s, love",,298493,0B3qKcTJ3I9cvqQJAKl4Xn,1XYA8eDvomdYTbQBzk0jT8,Ritual,,1998,U2,0B3qKcTJ3I9cvqQJAKl4Xn,1XYA8eDvomdYTbQBzk0jT8,Ritual,,1998,U2
TRRGTOV128F425B9D1,I Hate Everything About You,https://p.scdn.co/mp3-preview/47ac6065d405d9b4f5ef6cea48e954244b49d185?cid=774b29d4f13844c495f206cafdad9c86,0iWMnHtF1EFfRIWTYfx7Wi,"rock, alternative, metal, alternative_rock, hard_rock",,231320,0B3qxQlp9muHNlIf5GwuUR,1XYA8eDvomdYTbQBzk0jT9,Electricity (with Dua Lipa),,2011,Three Days Grace,0B3qxQlp9muHNlIf5GwuUR,1XYA8eDvomdYTbQBzk0jT9,Electricity (with Dua Lipa),,2011,Three Days Grace
TRRIGXH12903CB17E1,The Reason,https://p.scdn.co/mp3-preview/b88392e350a215b5f6f4cf309b6ceabe925ec1a8?cid=774b29d4f13844c495f206cafdad9c86,0f9Ux3Lv1GWGHMyyOgGhbC,"rock, alternative, pop, alternative_rock, love, pop_rock",RnB,233173,0B3z2HkBKAYbJ02MGmy7dF,2oCs0DGTsRO98Gh5ZSl2Cx,I Don't Care (with Justin Bieber) [Loud Luxury Remix],,2010,Hoobastank,0B3z2HkBKAYbJ02MGmy7dF,2oCs0DGTsRO98Gh5ZSl2Cx,I Don't Care (with Justin Bieber) [Loud Luxury Remix],,2010,Hoobastank
TRCRWSN128F4236A4B,November Rain,https://p.scdn.co/mp3-preview/86bd9e53c656d8fad82d7e442a3ef3af28781c9c?cid=774b29d4f13844c495f206cafdad9c86,11C3oTzP4WJ2UlU3TzHtCK,"rock, classic_rock, hard_rock, 80s, 90s",,536960,0B41ufpdRfR8aSUrED52GD,63rPSO264uRjW1X5E6cWv6,Memories (Dillon Francis Remix),,2004,Guns N' Roses,0B41ufpdRfR8aSUrED52GD,63rPSO264uRjW1X5E6cWv6,Memories (Dillon Francis Remix),,2004,Guns N' Roses
TRCTRMZ128F92FD9E4,People Are Strange,https://p.scdn.co/mp3-preview/f63e989a2e7d5c11558f02698882857a51b56a91?cid=774b29d4f13844c495f206cafdad9c86,02RLmWWvhxyvQN93obEr24,"rock, classic_rock, psychedelic, 60s, psychedelic_rock",,130280,0B43vUzpw7rJIQf10T6o6r,1HoSmj2eLcsrR0vE9gThr4,All the Time (Don Diablo Remix),,2006,The Doors,0B43vUzpw7rJIQf10T6o6r,1HoSmj2eLcsrR0vE9gThr4,All the Time (Don Diablo Remix),,2006,The Doors
,,,,,,,,,,,,,,,,,,
,,,,,,,,,,,,,,,,,,
,,,,,,,,,,,,,,,,,,
,,,,,,,,,,,,,,,,,,
,,,,,,,,,,,,,,,,,,
,,,,,,,,,,,,,,,,,,
,,,,,,,,,,,,,,,,,,
,,,,,,,,,,,,,,,,,,
,,,,,,,,,,,,,,,,,,
,,,,,,,,,,,,,,,,,,
,,,,,,,,,,,,,,,,,,
,,,,,,,,,,,,,,,,,,
,,,,,,,,,,,,,,,,,,
,,,,,,,,,,,,,,,,,,
,,,,,,,,,,,,,,,,,,
,,,,,,,,,,,,,,,,,,
,,,,,,,,,,,,,,,,,,
,,,,,,,,,,,,,,,,,,
,,,,,,,,,,,,,,,,,,
,,,,,,,,,,,,,,,,,,
,,,,,,,,,,,,,,,,,,
,,,,,,,,,,,,,,,,,,
,,,,,,,,,,,,,,,,,,
,,,,,,,,,,,,,,,,,,
,,,,,,,,,,,,,,,,,,
,,,,,,,,,,,,,,,,,,
,,,,,,,,,,,,,,,,,,
,,,,,,,,,,,,,,,,,,
,,,,,,,,,,,,,,,,,,
,,,,,,,,,,,,,,,,,,
,,,,,,,,,,,,,,,,,,
,,,,,,,,,,,,,,,,,,
,,,,,,,,,,,,,,,,,,
,,,,,,,,,,,,,,,,,,
,,,,,,,,,,,,,,,,,,
,,,,,,,,,,,,,,,,,,
,,,,,,,,,,,,,,,,,,
,,,,,,,,,,,,,,,,,,
,,,,,,,,,,,,,,,,,,
,,,,,,,,,,,,,,,,,,
,,,,,,,,,,,,,,,,,,
,,,,,,,,,,,,,,,,,,
,,,,,,,,,,,,,,,,,,
,,,,,,,,,,,,,,,,,,
,,,,,,,,,,,,,,,,,,
,,,,,,,,,,,,,,,,,,
,,,,,,,,,,,,,,,,,,
,,,,,,,,,,,,,,,,,,
,,,,,,,,,,,,,,,,,,
,,,,,,,,,,,,,,,,,,
,,,,,,,,,,,,,,,,,,
,,,,,,,,,,,,,,,,,,
,,,,,,,,,,,,,,,,,,
,,,,,,,,,,,,,,,,,,
,,,,,,,,,,,,,,,,,,
,,,,,,,,,,,,,,,,,,
,,,,,,,,,,,,,,,,,,
,,,,,,,,,,,,,,,,,,
,,,,,,,,,,,,,,,,,,
,,,,,,,,,,,,,,,,,,
,,,,,,,,,,,,,,,,,,
,,,,,,,,,,,,,,,,,,
,,,,,,,,,,,,,,,,,,
,,,,,,,,,,,,,,,,,,
,,,,,,,,,,,,,,,,,,
,,,,,,,,,,,,,,,,,,
,,,,,,,,,,,,,,,,,,
,,,,,,,,,,,,,,,,,,
,,,,,,,,,,,,,,,,,,
,,,,,,,,,,,,,,,,,,
,,,,,,,,,,,,,,,,,,
,,,,,,,,,,,,,,,,,,
,,,,,,,,,,,,,,,,,,
,,,,,,,,,,,,,,,,,,
,,,,,,,,,,,,,,,,,,
,,,,,,,,,,,,,,,,,,
,,,,,,,,,,,,,,,,,,
,,,,,,,,,,,,,,,,,,
,,,,,,,,,,,,,,,,,,
,,,,,,,,,,,,,,,,,,
,,,,,,,,,,,,,,,,,,
,,,,,,,,,,,,,,,,,,
,,,,,,,,,,,,,,,,,,
,,,,,,,,,,,,,,,,,,
,,,,,,,,,,,,,,,,,,
,,,,,,,,,,,,,,,,,,
,,,,,,,,,,,,,,,,,,
,,,,,,,,,,,,,,,,,,
,,,,,,,,,,,,,,,,,,
,,,,,,,,,,,,,,,,,,
,,,,,,,,,,,,,,,,,,
,,,,,,,,,,,,,,,,,,
,,,,,,,,,,,,,,,,,,
,,,,,,,,,,,,,,,,,,
,,,,,,,,,,,,,,,,,,
,,,,,,,,,,,,,,,,,,
,,,,,,,,,,,,,,,,,,
,,,,,,,,,,,,,,,,,,
,,,,,,,,,,,,,,,,,,
,,,,,,,,,,,,,,,,,,
,,,,,,,,,,,,,,,,,,
,,,,,,,,,,,,,,,,,,
,,,,,,,,,,,,,,,,,,
,,,,,,,,,,,,,,,,,,
,,,,,,,,,,,,,,,,,,
,,,,,,,,,,,,,,,,,,
,,,,,,,,,,,,,,,,,,
,,,,,,,,,,,,,,,,,,
,,,,,,,,,,,,,,,,,,
,,,,,,,,,,,,,,,,,,
,,,,,,,,,,,,,,,,,,
,,,,,,,,,,,,,,,,,,
,,,,,,,,,,,,,,,,,,
,,,,,,,,,,,,,,,,,,
,,,,,,,,,,,,,,,,,,
,,,,,,,,,,,,,,,,,,
,,,,,,,,,,,,,,,,,,
,,,,,,,,,,,,,,,,,,
,,,,,,,,,,,,,,,,,,
,,,,,,,,,,,,,,,,,,
,,,,,,,,,,,,,,,,,,
,,,,,,,,,,,,,,,,,,
,,,,,,,,,,,,,,,,,,
,,,,,,,,,,,,,,,,,,
,,,,,,,,,,,,,,,,,,
,,,,,,,,,,,,,,,,,,
,,,,,,,,,,,,,,,,,,
,,,,,,,,,,,,,,,,,,
,,,,,,,,,,,,,,,,,,
,,,,,,,,,,,,,,,,,,
,,,,,,,,,,,,,,,,,,
,,,,,,,,,,,,,,,,,,
,,,,,,,,,,,,,,,,,,
,,,,,,,,,,,,,,,,,,
,,,,,,,,,,,,,,,,,,
,,,,,,,,,,,,,,,,,,
,,,,,,,,,,,,,,,,,,
,,,,,,,,,,,,,,,,,,
,,,,,,,,,,,,,,,,,,
,,,,,,,,,,,,,,,,,,
,,,,,,,,,,,,,,,,,,
,,,,,,,,,,,,,,,,,,
,,,,,,,,,,,,,,,,,,
,,,,,,,,,,,,,,,,,,
,,,,,,,,,,,,,,,,,,
,,,,,,,,,,,,,,,,,,
,,,,,,,,,,,,,,,,,,
,,,,,,,,,,,,,,,,,,
,,,,,,,,,,,,,,,,,,
,,,,,,,,,,,,,,,,,,
,,,,,,,,,,,,,,,,,,
,,,,,,,,,,,,,,,,,,
,,,,,,,,,,,,,,,,,,
,,,,,,,,,,,,,,,,,,
,,,,,,,,,,,,,,,,,,
,,,,,,,,,,,,,,,,,,
,,,,,,,,,,,,,,,,,,
,,,,,,,,,,,,,,,,,,
,,,,,,,,,,,,,,,,,,
,,,,,,,,,,,,,,,,,,
,,,,,,,,,,,,,,,,,,
,,,,,,,,,,,,,,,,,,
,,,,,,,,,,,,,,,,,,
,,,,,,,,,,,,,,,,,,
,,,,,,,,,,,,,,,,,,
,,,,,,,,,,,,,,,,,,
,,,,,,,,,,,,,,,,,,
,,,,,,,,,,,,,,,,,,
,,,,,,,,,,,,,,,,,,
,,,,,,,,,,,,,,,,,,
,,,,,,,,,,,,,,,,,,
,,,,,,,,,,,,,,,,,,
,,,,,,,,,,,,,,,,,,
,,,,,,,,,,,,,,,,,,
,,,,,,,,,,,,,,,,,,
,,,,,,,,,,,,,,,,,,
,,,,,,,,,,,,,,,,,,
,,,,,,,,,,,,,,,,,,
,,,,,,,,,,,,,,,,,,
,,,,,,,,,,,,,,,,,,
,,,,,,,,,,,,,,,,,,
,,,,,,,,,,,,,,,,,,
,,,,,,,,,,,,,,,,,,
,,,,,,,,,,,,,,,,,,
,,,,,,,,,,,,,,,,,,
,,,,,,,,,,,,,,,,,,
,,,,,,,,,,,,,,,,,,
,,,,,,,,,,,,,,,,,,
,,,,,,,,,,,,,,,,,,
,,,,,,,,,,,,,,,,,,
,,,,,,,,,,,,,,,,,,
,,,,,,,,,,,,,,,,,,
,,,,,,,,,,,,,,,,,,
,,,,,,,,,,,,,,,,,,
,,,,,,,,,,,,,,,,,,
,,,,,,,,,,,,,,,,,,
,,,,,,,,,,,,,,,,,,
,,,,,,,,,,,,,,,,,,
,,,,,,,,,,,,,,,,,,
,,,,,,,,,,,,,,,,,,
,,,,,,,,,,,,,,,,,,
,,,,,,,,,,,,,,,,,,
,,,,,,,,,,,,,,,,,,
,,,,,,,,,,,,,,,,,,
